Datetime,Water Level (m)
2025-08-13 00:00:00,-0.51157945
2025-08-13 01:00:00,-0.6428922
2025-08-13 02:00:00,-0.34913537
2025-08-13 03:00:00,0.1839269
2025-08-13 04:00:00,0.7640807
2025-08-13 05:00:00,1.3659196
2025-08-13 06:00:00,1.6910175
2025-08-13 07:00:00,1.809923
2025-08-13 08:00:00,1.5537215
2025-08-13 09:00:00,1.0318696
2025-08-13 10:00:00,0.48499432
2025-08-13 11:00:00,0.00091016846
2025-08-13 12:00:00,-0.3824689
2025-08-13 13:00:00,-0.6242293
2025-08-13 14:00:00,-0.5932616
2025-08-13 15:00:00,-0.0870528
2025-08-13 16:00:00,0.4981855
2025-08-13 17:00:00,1.0790914
2025-08-13 18:00:00,1.5129033
2025-08-13 19:00:00,1.7040246
2025-08-13 20:00:00,1.612816
2025-08-13 21:00:00,1.2149838
2025-08-13 22:00:00,0.730222
2025-08-13 23:00:00,0.23993814
2025-08-14 00:00:00,-0.11240642
2025-08-14 01:00:00,-0.3815278
2025-08-14 02:00:00,-0.44451514
2025-08-14 03:00:00,-0.088752255
2025-08-14 04:00:00,0.48714164
2025-08-14 05:00:00,1.067685
2025-08-14 06:00:00,1.5231961
2025-08-14 07:00:00,1.7321653
2025-08-14 08:00:00,1.6610864
2025-08-14 09:00:00,1.280002
2025-08-14 10:00:00,0.8020347
2025-08-14 11:00:00,0.3056158
2025-08-14 12:00:00,-0.07348778
2025-08-14 13:00:00,-0.3849421
2025-08-14 14:00:00,-0.5336404
2025-08-14 15:00:00,-0.3735119
2025-08-14 16:00:00,0.13942525
2025-08-14 17:00:00,0.6743209
2025-08-14 18:00:00,1.1798631
2025-08-14 19:00:00,1.4969873
2025-08-14 20:00:00,1.589808
2025-08-14 21:00:00,1.4284686
2025-08-14 22:00:00,1.02877
2025-08-14 23:00:00,0.59495854
2025-08-15 00:00:00,0.19060841
2025-08-15 01:00:00,-0.11556028
2025-08-15 02:00:00,-0.2791409
2025-08-15 03:00:00,-0.23304375
2025-08-15 04:00:00,0.13758531
2025-08-15 05:00:00,0.61495805
2025-08-15 06:00:00,1.0777671
2025-08-15 07:00:00,1.3953453
2025-08-15 08:00:00,1.4946121
2025-08-15 09:00:00,1.3710804
2025-08-15 10:00:00,1.0226237
2025-08-15 11:00:00,0.5978729
2025-08-15 12:00:00,0.1771225
2025-08-15 13:00:00,-0.17275041
2025-08-15 14:00:00,-0.41063717
2025-08-15 15:00:00,-0.47266522
2025-08-15 16:00:00,-0.20992503
2025-08-15 17:00:00,0.26341048
2025-08-15 18:00:00,0.73700565
2025-08-15 19:00:00,1.1372874
2025-08-15 20:00:00,1.3477662
2025-08-15 21:00:00,1.3903228
2025-08-15 22:00:00,1.2337507
2025-08-15 23:00:00,0.90019023
2025-08-16 00:00:00,0.5343483
2025-08-16 01:00:00,0.2080259
2025-08-16 02:00:00,-0.03834504
2025-08-16 03:00:00,-0.15927312
2025-08-16 04:00:00,-0.09918927
2025-08-16 05:00:00,0.20712607
2025-08-16 06:00:00,0.6003203
2025-08-16 07:00:00,0.9703633
2025-08-16 08:00:00,1.185462
2025-08-16 09:00:00,1.2133595
2025-08-16 10:00:00,1.0633246
2025-08-16 11:00:00,0.7602553
2025-08-16 12:00:00,0.4241842
2025-08-16 13:00:00,0.105824314
2025-08-16 14:00:00,-0.14303815
2025-08-16 15:00:00,-0.30352512
2025-08-16 16:00:00,-0.3173647
2025-08-16 17:00:00,-0.10207417
2025-08-16 18:00:00,0.28025788
2025-08-16 19:00:00,0.6845662
2025-08-16 20:00:00,1.0201367
2025-08-16 21:00:00,1.2048638
2025-08-16 22:00:00,1.255742
2025-08-16 23:00:00,1.1535224
2025-08-17 00:00:00,0.9030675
2025-08-17 01:00:00,0.6106395
2025-08-17 02:00:00,0.3291479
2025-08-17 03:00:00,0.11920824
2025-08-17 04:00:00,0.01241823
2025-08-17 05:00:00,0.044024218
2025-08-17 06:00:00,0.23410389
2025-08-17 07:00:00,0.52700156
2025-08-17 08:00:00,0.8042319
2025-08-17 09:00:00,0.985443
2025-08-17 10:00:00,1.0208396
2025-08-17 11:00:00,0.9198612
2025-08-17 12:00:00,0.71973604
2025-08-17 13:00:00,0.48217544
2025-08-17 14:00:00,0.23951627
2025-08-17 15:00:00,0.024766626
2025-08-17 16:00:00,-0.12379336
2025-08-17 17:00:00,-0.16211109
2025-08-17 18:00:00,-0.030745722
2025-08-17 19:00:00,0.273571
2025-08-17 20:00:00,0.616335
2025-08-17 21:00:00,0.9438806
2025-08-17 22:00:00,1.1536376
2025-08-17 23:00:00,1.2418427
2025-08-18 00:00:00,1.210891
2025-08-18 01:00:00,1.0542023
2025-08-18 02:00:00,0.8145327
2025-08-18 03:00:00,0.55273217
2025-08-18 04:00:00,0.33593944
2025-08-18 05:00:00,0.19503427
2025-08-18 06:00:00,0.15126082
2025-08-18 07:00:00,0.25231242
2025-08-18 08:00:00,0.4994963
2025-08-18 09:00:00,0.7964503
2025-08-18 10:00:00,1.0455288
2025-08-18 11:00:00,1.2098318
2025-08-18 12:00:00,1.2443588
2025-08-18 13:00:00,1.1561648
2025-08-18 14:00:00,1.0017241
2025-08-18 15:00:00,0.8226657
2025-08-18 16:00:00,0.6231676
2025-08-18 17:00:00,0.41133016
2025-08-18 18:00:00,0.30883208
2025-08-18 19:00:00,0.35757044
2025-08-18 20:00:00,0.5334958
2025-08-18 21:00:00,0.82367
2025-08-18 22:00:00,1.1658585
2025-08-18 23:00:00,1.4583272
2025-08-19 00:00:00,1.6340983
